{
	"textures": {
		"2": "mmm:item/models/mimic/mimic_noform_body"
	},
	"elements": [
		{
			"from": [2, 7, 1.875],
			"to": [14, 9, 14.125],
			"light_emission": 0,
			"faces": {
				"north": {
					"uv": [8, 4, 12, 4.66667],
					"texture": "#2"
				},
				"east": {
					"uv": [8, 4.66667, 12, 5.33333],
					"texture": "#2"
				},
				"south": {
					"uv": [8, 5.33333, 12, 6],
					"texture": "#2"
				},
				"west": {
					"uv": [8, 6, 12, 6.66667],
					"texture": "#2"
				},
				"up": {
					"uv": [4, 4, 0, 0],
					"texture": "#2"
				},
				"down": {
					"uv": [4, 4, 0, 8],
					"texture": "#2"
				}
			}
		}
	],
	"display": {
		"thirdperson_righthand": {
			"rotation": [45, 0, 0],
			"translation": [0, 2.96389, 1.55143],
			"scale": [0.55, 0.55, 0.55]
		},
		"thirdperson_lefthand": {
			"rotation": [45, 0, 0],
			"translation": [0, 2.96389, 1.55143],
			"scale": [0.55, 0.55, 0.55]
		},
		"firstperson_righthand": {
			"rotation": [49.856, 22.32924, -24.25045],
			"translation": [0.79628, 2.96389, 1.71507],
			"scale": [0.55, 0.55, 0.55]
		},
		"firstperson_lefthand": {
			"rotation": [49.856, 22.32924, -24.25045],
			"translation": [0.79628, 2.96389, 1.71507],
			"scale": [0.55, 0.55, 0.55]
		},
		"ground": {
			"rotation": [45, 0, 0],
			"translation": [0, 1.83081, 0.5013],
			"scale": [0.5, 0.5, 0.5]
		},
		"gui": {
			"rotation": [-179.22781, -43.52463, 170.98833],
			"translation": [0.75341, 1.50488, -1.49891],
			"scale": [0.82031, 0.82031, 0.82031]
		},
		"head": {
			"rotation": [-20.25, 0, 0],
			"translation": [0, 9.43152, 6.04334],
			"scale": [1, 1, 1]
		},
		"fixed": {
			"rotation": [45, 0, 0],
			"translation": [0, -1.16919, 0.5013],
			"scale": [0.5, 0.5, 0.5]
		}
	}
}