{
	"textures": {
		"2": "mmm:item/models/mimic/mimic_noform_body"
	},
	"elements": [
		{
			"from": [2, 6.875, 2.875],
			"to": [14, 9.125, 13.125],
			"light_emission": 0,
			"faces": {
				"north": {
					"uv": [8, 3.33333, 12, 4],
					"texture": "#2"
				},
				"east": {
					"uv": [8, 8.66667, 11.33333, 9.33333],
					"texture": "#2"
				},
				"south": {
					"uv": [4, 8, 8, 8.66667],
					"texture": "#2"
				},
				"west": {
					"uv": [4, 9.33333, 7.33333, 10],
					"texture": "#2"
				},
				"up": {
					"uv": [4, 11.33333, 0, 8],
					"texture": "#2"
				},
				"down": {
					"uv": [12, 0, 8, 3.33333],
					"texture": "#2"
				}
			}
		}
	],
	"display": {
		"thirdperson_righthand": {
			"rotation": [45, 0, 0],
			"translation": [0, 3.35136, 2.71673],
			"scale": [0.55, 0.55, 0.55]
		},
		"thirdperson_lefthand": {
			"rotation": [45, 0, 0],
			"translation": [0, 3.35136, 2.71673],
			"scale": [0.55, 0.55, 0.55]
		},
		"firstperson_righthand": {
			"rotation": [49.856, 22.32924, -24.25045],
			"translation": [1.4224, 3.35136, 2.69787],
			"scale": [0.55, 0.55, 0.55]
		},
		"firstperson_lefthand": {
			"rotation": [49.856, 22.32924, -24.25045],
			"translation": [1.4224, 3.35136, 2.69787],
			"scale": [0.55, 0.55, 0.55]
		},
		"ground": {
			"rotation": [45, 0, 0],
			"translation": [0, 2.18306, 1.56066],
			"scale": [0.5, 0.5, 0.5]
		},
		"gui": {
			"rotation": [-179.22781, -43.52463, 170.98833],
			"translation": [0.0025, 3.12776, -1.89522],
			"scale": [0.82031, 0.82031, 0.82031]
		},
		"head": {
			"rotation": [-20.25, 0, 0],
			"translation": [0, 11.65056, 6.29057],
			"scale": [1, 1, 1]
		},
		"fixed": {
			"rotation": [45, 0, 0],
			"translation": [0, -0.81694, 1.56066],
			"scale": [0.5, 0.5, 0.5]
		}
	}
}