{
	"textures": {
		"0": "mmm:item/models/mimic/mimic_noform_teeth"
	},
	"elements": [
		{
			"from": [7, 7, 7.5],
			"to": [9, 9, 8.5],
			"light_emission": 0,
			"faces": {
				"north": {
					"uv": [0, 0, 2, 2],
					"texture": "#0"
				},
				"east": {
					"uv": [0, 0, 1, 2],
					"texture": "#0"
				},
				"south": {
					"uv": [0, 0, 2, 2],
					"texture": "#0"
				},
				"west": {
					"uv": [0, 0, 1, 2],
					"texture": "#0"
				},
				"up": {
					"uv": [0, 0, 1, 2],
					"rotation": 270,
					"texture": "#0"
				},
				"down": {
					"uv": [0, 0, 1, 2],
					"rotation": 90,
					"texture": "#0"
				}
			}
		}
	],
	"display": {
		"thirdperson_righthand": {
			"rotation": [45, 0, 45],
			"translation": [2.2, 4.58886, -0.8945],
			"scale": [0.55, 0.55, 0.55]
		},
		"thirdperson_lefthand": {
			"rotation": [45, 0, 45],
			"translation": [2.2, 4.58886, -0.8945],
			"scale": [0.55, 0.55, 0.55]
		},
		"firstperson_righthand": {
			"rotation": [49.856, 22.32924, 20.74955],
			"translation": [1.33755, 4.58886, -1.52986],
			"scale": [0.55, 0.55, 0.55]
		},
		"firstperson_lefthand": {
			"rotation": [49.856, 22.32924, 20.74955],
			"translation": [1.33755, 4.58886, -1.52986],
			"scale": [0.55, 0.55, 0.55]
		},
		"ground": {
			"rotation": [45, 0, 45],
			"translation": [2, 3.30806, -1.72227],
			"scale": [0.5, 0.5, 0.5]
		},
		"gui": {
			"rotation": [-179.22781, -43.52463, -144.01167],
			"translation": [1.45861, 0.06515, 3.73355],
			"scale": [0.82031, 0.82031, 0.82031]
		},
		"head": {
			"rotation": [-20.25, 0, 45],
			"translation": [4, 6.6298, 1.49839],
			"scale": [1, 1, 1]
		},
		"fixed": {
			"rotation": [45, 0, 45],
			"translation": [2, 0.30806, -1.72227],
			"scale": [0.5, 0.5, 0.5]
		}
	}
}