{
	"textures": {
		"2": "mmm:item/models/mimic/mimic_noform_body"
	},
	"elements": [
		{
			"from": [6, 7.5, 5],
			"to": [10, 8.5, 11],
			"light_emission": 0,
			"faces": {
				"north": {
					"uv": [10, 9.33333, 11.33333, 9.66667],
					"texture": "#2"
				},
				"east": {
					"uv": [8.33333, 9.33333, 10, 9.66667],
					"texture": "#2"
				},
				"south": {
					"uv": [10, 9.66667, 11.33333, 10],
					"texture": "#2"
				},
				"west": {
					"uv": [8.33333, 9.66667, 10, 10],
					"texture": "#2"
				},
				"up": {
					"uv": [8.66667, 10, 10, 11.66667],
					"texture": "#2"
				},
				"down": {
					"uv": [10, 10, 11.33333, 11.66667],
					"texture": "#2"
				}
			}
		}
	],
	"display": {
		"thirdperson_righthand": {
			"rotation": [15, 0, 0],
			"translation": [0, 1.50033, 1.10866],
			"scale": [0.55, 0.55, 0.55]
		},
		"thirdperson_lefthand": {
			"rotation": [15, 0, 0],
			"translation": [0, 1.50033, 1.10866],
			"scale": [0.55, 0.55, 0.55]
		},
		"firstperson_righthand": {
			"rotation": [17.62528, 31.26463, -9.36302],
			"translation": [0.55838, 1.50033, 1.34164],
			"scale": [0.55, 0.55, 0.55]
		},
		"firstperson_lefthand": {
			"rotation": [17.62528, 31.26463, -9.36302],
			"translation": [0.55838, 1.50033, 1.34164],
			"scale": [0.55, 0.55, 0.55]
		},
		"ground": {
			"rotation": [15, 0, 0],
			"translation": [0, 0.5003, 0.09878],
			"scale": [0.5, 0.5, 0.5]
		},
		"gui": {
			"rotation": [-138.52155, -40.78248, -161.04342],
			"translation": [0.24036, -0.46716, -2.52304],
			"scale": [0.82031, 0.82031, 0.82031]
		},
		"head": {
			"rotation": [-50.25, 0, 0],
			"translation": [0, 7.58636, 8.12288],
			"scale": [1, 1, 1]
		},
		"fixed": {
			"rotation": [15, 0, 0],
			"translation": [0, -2.4997, 0.09878],
			"scale": [0.5, 0.5, 0.5]
		}
	}
}