{
	"textures": {
		"0": "mmm:item/models/mimic/mimic_noform_teeth"
	},
	"elements": [
		{
			"from": [7.5, 7, 7],
			"to": [8.5, 9, 9],
			"light_emission": 0,
			"faces": {
				"north": {
					"uv": [0, 0, 1, 2],
					"texture": "#0"
				},
				"east": {
					"uv": [0, 0, 2, 2],
					"texture": "#0"
				},
				"south": {
					"uv": [0, 0, 1, 2],
					"texture": "#0"
				},
				"west": {
					"uv": [0, 0, 2, 2],
					"texture": "#0"
				},
				"up": {
					"uv": [0, 0, 1, 2],
					"texture": "#0"
				},
				"down": {
					"uv": [0, 0, 1, 2],
					"texture": "#0"
				}
			}
		}
	],
	"display": {
		"thirdperson_righthand": {
			"rotation": [-45, 0, 0],
			"translation": [-2.8875, 0.90282, 0.725],
			"scale": [0.55, 0.55, 0.55]
		},
		"thirdperson_lefthand": {
			"rotation": [-45, 0, 0],
			"translation": [-2.8875, 0.90282, 0.725],
			"scale": [0.55, 0.55, 0.55]
		},
		"firstperson_righthand": {
			"rotation": [-49.856, 22.32924, 24.25045],
			"translation": [-2.08305, 0.90282, 2.56952],
			"scale": [0.55, 0.55, 0.55]
		},
		"firstperson_lefthand": {
			"rotation": [-49.856, 22.32924, 24.25045],
			"translation": [-2.08305, 0.90282, 2.56952],
			"scale": [0.55, 0.55, 0.55]
		},
		"ground": {
			"rotation": [-45, 0, 0],
			"translation": [-2.625, -0.04289, -0.25],
			"scale": [0.5, 0.5, 0.5]
		},
		"gui": {
			"rotation": [-82.99479, -6.52133, -136.11992],
			"translation": [3.28667, -0.77138, -5.73181],
			"scale": [0.82031, 0.82031, 0.82031]
		},
		"head": {
			"rotation": [-110.25, 0, 0],
			"translation": [-5.25, 6.49805, 8.81744],
			"scale": [1, 1, 1]
		},
		"fixed": {
			"rotation": [-45, 0, 0],
			"translation": [-2.625, -3.04289, -0.25],
			"scale": [0.5, 0.5, 0.5]
		}
	}
}